<?xml version="1.0"?>

<PNLObjects version="1.1">

 <Model TypeName="BNet" NumberOfFactors="3">
    
  <Graph TypeName="Graph" SavingType="ByEdges" NumberOfNodes="3">
    0:2_(c) 
1:2_(c) 
2:1_(p) 0_(p) 

  </Graph>
  <ModelDomain TypeName="ModelDomain">
    
   <VarAssociations TypeName="intVector">
    [0 0 0 ]
   </VarAssociations>
   <NodeTypes TypeName="NodeTypeVector" NumberOfNodes="1">
    1:3
   </NodeTypes>
  </ModelDomain>
  <Factor0 TypeName="Factor" FactorType="1" DistributionType="0">
    
   <ModelDomain TypeName="ModelDomain" DuplicatedObject="@Model/ModelDomain">
    
   </ModelDomain>
   <Domain TypeName="intVector">
    [0 ]
   </Domain>
   <DistributionFunction TypeName="TabularDistribFun" NumberOfNodes="1" IsUnitFunction="0">
    
    <NodeTypes TypeName="PNodeTypeVector" NumberOfNodes="1">
    1:3
    </NodeTypes>
    <MatTable TypeName="MatrixOfFloat" NumberOfDimensions="1" Ranges="[3 ]" MatrixClass="NumericDense" IsClamped="0">
    [0.333333 0.333333 0.333333 ]
    </MatTable>
   </DistributionFunction>
  </Factor0>
  <Factor1 TypeName="Factor" FactorType="1" DistributionType="0">
    
   <ModelDomain TypeName="ModelDomain" DuplicatedObject="@Model/ModelDomain">
    
   </ModelDomain>
   <Domain TypeName="intVector">
    [1 ]
   </Domain>
   <DistributionFunction TypeName="TabularDistribFun" NumberOfNodes="1" IsUnitFunction="0">
    
    <NodeTypes TypeName="PNodeTypeVector" NumberOfNodes="1">
    1:3
    </NodeTypes>
    <MatTable TypeName="MatrixOfFloat" NumberOfDimensions="1" Ranges="[3 ]" MatrixClass="NumericDense" IsClamped="0">
    [0.333333 0.333333 0.333333 ]
    </MatTable>
   </DistributionFunction>
  </Factor1>
  <Factor2 TypeName="Factor" FactorType="1" DistributionType="0">
    
   <ModelDomain TypeName="ModelDomain" DuplicatedObject="@Model/ModelDomain">
    
   </ModelDomain>
   <Domain TypeName="intVector">
    [0 1 2 ]
   </Domain>
   <DistributionFunction TypeName="TabularDistribFun" NumberOfNodes="3" IsUnitFunction="0">
    
    <NodeTypes TypeName="PNodeTypeVector" NumberOfNodes="3">
    1:3,1:3,1:3
    </NodeTypes>
    <MatTable TypeName="MatrixOfFloat" NumberOfDimensions="3" Ranges="[3 3 3 ]" MatrixClass="NumericDense" IsClamped="0">
    [1.000000 0.000000 0.000000 0.000000 1.000000 0.000000 0.000000 0.000000 1.000000 0.000000 0.000000 1.000000 1.000000 0.000000 0.000000 0.000000 1.000000 0.000000 0.000000 1.000000 0.000000 0.000000 0.000000 1.000000 1.000000 0.000000 0.000000 ]
    </MatTable>
   </DistributionFunction>
  </Factor2>
 </Model>
</PNLObjects>
